63|00688267038693|688267038693|Ahold|Ahold  Honey Mustard
65|00688267078491|688267078491|Ahold|Ahold Complete Buttermilk Pancake & Waffle Mix
305|00041224766723|041224766723|Roland|Roland Extra Virgin Olive Oil Sicilian
2464|00041224612006|041224612006|Roland|Roland All Natural Mango Slices In Light Syrup
2798|00688267123160|688267123160|Nature's Promise|Nature's Promise Naturals Corn Tortillas Whole Grain - 16 Ct
2807|00688267138096|688267138096|Nature's Promise|Nature's Promise Lemonade Tea
2837|00688267055690|688267055690|Nature's Promise|Natures Promise Naturals Vegetable And Chicken Potstickers
2872|00052100443393|052100443393|Mccormick|Mccormick Gourmet Collection Smoked Paprika
2889|00052100007069|052100007069|Mccormick|Mccormick Celery Flakes
3680|00041234010144|041234010144|Mccormick|Mccormick Recipe & Seasoning Mix - Tomato Basil Salmon
12427|00021000612574|021000612574|Kraft|Kraft Pimento Spread With Philadelphia Brand Cream Cheese
12636|00021000038725|021000038725|Kraft|Kraft Hickory Smoke Barbecue Sauce
12694|00044000012526|044000012526|Kraft Handi-snacks|Kraft Handi-snacks Ritz Crackers 'n Cheese Dip Snack - 6 Pk
12894|00046800086585|046800086585|Kraft|Kraft Viva Italian Dressing
12937|00208132900001|208132900001|Usda Meat|Boneless Chuck Eye Beef Steak
13486|00208109700009|208109700009|Usda Meat|Thin Cut T-bone Beef Steak
16759|00000000001163|000000001163|Usda Meat|Ground Beef Burgers - 4 Ct
17135|00051000140029|051000140029|Pepperidge Farm|Pepperidge Farm Texas Toast Mozzarella & Monterey Jack - 6 Ct
19161|00051000076250|051000076250|Pepperidge Farm|Pepperidge Farm 3-layer Cake Coconut Flavor
19285|00051000061874|051000061874|Campbell's|Campbell's Vegetable Beef Condensed Soup
19652|00051000060174|051000060174|Campbell's Healthy Request|Campbell's Healthy Request Vegetable Condensed Soup
19859|00051000174765|051000174765|Campbell's|Campbell's Homestyle Healthy Request Soup Chicken With Whole Grain Pasta
20596|00042421500103|042421500103|Boar's Head|Boar's Head Muenster Cheese
20796|00208528700000|208528700000|Boar's Head|Boar's Head Hard Salami
23484|00208525100001|208525100001|Boar's Head|Boar's Head Maple Glazed Honey Coat Ham
23829|00051500555286|051500555286|Pillsbury|Pillsbury Sugar Free Quick Bread & Muffin Mix Deluxe Cinnamon Swirl
24525|00018000004010|018000004010|Pillsbury|Pillsbury Original Crescent Rolls - 8 Ct
24962|00051500553466|051500553466|Pillsbury|Pillsbury Chocolate Peppermint Premium Cookie Mix
24969|00016000437111|016000437111|Hamburger Helper|Hamburger Helper Ultimate Creamy Stroganoff
24986|00029000018709|029000018709|Planters|Planters Nut-rition Wholesome Nut Mix - 6 Ct
