1|Ahold|3562|Ahold USA, Inc.||
3|Roland|688|American Roland Food Corp.|New York, NY 10010|www.rolandfood.com
4|Nature's Promise|487|Ahold USA, Inc.||
5|Mccormick|463|McCormick & Co., Inc.|Hunt Valley, MD 21031-1100|www.mccormickgourmet.com
13|Kraft|340|Kraft Foods, Inc.|Northfield, IL 60093-2753 USA|creamcheese.com
5512|Kraft Handi-snacks|3|Nabisco Biscuit Company||
23|Usda Meat|258|USDA Meat||
27|Pepperidge Farm|228|Pepperidge Farm, Inc.|Norwalk, CT 06856|goldfishfun.com
34|Campbell's|195|Campbell Soup Company|Camden, NJ, U.S.A. 08103-1701|www.campbellsoup.com
4329|Campbell's Healthy Request|4|Campbell Soup Company|Camden, NJ U.S.A. 08103-1701|www.chunky.com
44|Boar's Head|181|Brunckhorst Co.||
55|Pillsbury|164|General Mills, Inc.||
2591|Hamburger Helper|9|General Mills, Inc.||
179|Planters|89|Kraft Foods, Inc.|Northfield, IL 60093-2753 USA|planters.com
